feature,area,priority,original,clone,notes
Sign up with email or Google,onboarding,must,yes,yes,Guest link bypass and direct authenticated entry in shell
Create instant session room with unique URL,sessions,must,yes,yes,Dashboard instant room creator with normalized slug
Guest join via browser without mandatory app install,sessions,must,yes,yes,Zero-install /guest/:slug portal with one-click audio connect
High-fidelity stereo DAW audio streaming (Opus 48kHz / lossless PCM),audio,must,yes,yes,Web Audio API stereo pipeline + VST3 loopback websocket
Low-latency voice talkback channel with push-to-talk,audio,must,yes,yes,AEC ducking channel with spacebar hotkey and double-click latch
Audio Mixer Sidebar (faders mute solo gain for every stream),audio,must,yes,yes,Calibrated stereo VU meters dB faders mute solo and peak hold
Echo cancellation and local loopback isolation,audio,must,yes,yes,Talkback mic ducking and loopback isolation shield in audio engine
Audio device & buffer configuration (sample rate latency buffer),audio,must,yes,yes,Modal with 44.1k/48k/96k sample rates and 64-1024 buffer size
Real-time webcam and video grid,video,must,yes,yes,Participant video tile strip with audio-reactive active speaker glow
Ultra-low-latency 60fps DAW screen sharing,screen,must,yes,yes,Screen stage canvas with Ableton 12 arrangement simulation and 60fps HUD
In-session chat and drag-and-drop file transfer,collaboration,must,yes,yes,Message stream plus draggable stem cards with HTML5 DRAG TO DAW handle
Multi-track local recording (stems & session mix),recording,should,yes,yes,MediaRecorder isolated stem capture for Master DAW and Vocal/Talkback with instant download & drawer sync
Real-time MIDI over network,midi,should,yes,yes,Web MIDI API hardware scanning and low-latency loopback streaming to VST3 on port 4949
Interactive remote screen control (mouse & keyboard DAW control),screen,should,yes,yes,Request and grant DAW control workflow with remote cursor overlay
Session scheduling and calendar invite integration,sessions,should,yes,yes,RFC 5545 .ics calendar export and 1-click Google Calendar scheduling
DAW plugin bridge (VST3/AU/AAX for direct track capture),audio,could,yes,yes,Standalone zero-dependency VST3 bridge daemon simulator on ws://127.0.0.1:4949
Breakout rooms for songwriting camps,collaboration,could,yes,no,Enterprise sub-room partitioning
Automated session audio transcription & chat export,collaboration,could,yes,no,Cloud STT lyrical brainstorming
Spark AI chord progression generator,ai,could,yes,skip,Third-party standalone AI chord generation product outside core loop
Legacy macOS/Windows OS support (macOS 10.13),platform,could,yes,skip,Targeting modern standard platforms (macOS 12+ Windows 10/11 Web)
Automated talkback master audio ducking (-12dB),audio,should,no,yes,Automatically attenuates master DAW playback by -12dB when speaking with smooth ramp back
Producer profile with studio telemetry and online friends list,collaboration,should,no,yes,Monogram profile drawer with 1-click friend invites to room
Emergency ESC revoke for remote screen control,screen,should,no,yes,Host can instantly revoke mouse/keyboard control with single ESC press
HTML5 Drag-to-DAW direct stem timeline drop,collaboration,should,no,yes,Stem cards drag straight from browser into Ableton or FL Studio timeline
Clean slate installer and uninstaller suite,onboarding,should,no,yes,Inno Setup installer with automatic wipe and standalone admin uninstaller
