source,url,date,rating,text
reddit,https://www.reddit.com/r/audioengineering/comments/17q5k9e/remote_collaboration_in_daw/,2025-11-04,2,"Audiomovers is great for audio fidelity but having to run Zoom simultaneously for talkback and screen sharing creates a massive echo and loopback nightmare unless you configure complex routing matrixes."
reddit,https://www.reddit.com/r/audioengineering/comments/17q5k9e/remote_collaboration_in_daw/,2025-11-04,3,"I wish there was an all-in-one studio app where the client does not have to install anything or sign up. As soon as I tell an A&R or artist to download a desktop client they drop off."
reddit,https://www.reddit.com/r/musicproduction/comments/18m2b1q/collaborating_remotely_on_ableton/,2025-12-19,2,"Muse Sessions is decent but the free tier has an aggressive 45 minute session limit that constantly cuts off tracking takes right in the middle of a vibe."
reddit,https://www.reddit.com/r/musicproduction/comments/18m2b1q/collaborating_remotely_on_ableton/,2025-12-19,3,"The monthly subscription is expensive for bedroom producers who only do one or two remote mixing reviews a month. A pay-per-session or lifetime model would be so much better."
gearspace,https://gearspace.com/board/music-computers/1392810-daw-streaming-clients-audiomovers-alternatives.html,2025-08-14,2,"Zoom and Discord completely destroy low-end frequencies and stereo imaging with their aggressive noise cancellation algorithms. You cannot evaluate kick and 808 balance over Zoom screen share."
gearspace,https://gearspace.com/board/music-computers/1392810-daw-streaming-clients-audiomovers-alternatives.html,2025-08-14,3,"Virtual audio cables like BlackHole and Loopback break every time macOS or Windows does an audio driver update. A direct VST3 loopback plugin is so much more reliable."
reddit,https://www.reddit.com/r/audioengineering/comments/191c94u/sending_stems_back_and_forth_during_sessions/,2026-01-08,2,"There's no way to drag stems straight into the DAW timeline during live calls. We constantly have to pause playback, export to Google Drive or WeTransfer, wait for download, and import."
reddit,https://www.reddit.com/r/audioengineering/comments/191c94u/sending_stems_back_and_forth_during_sessions/,2026-01-08,4,"Would love a built-in stem dropzone where the client can drop a vocal take and it immediately shows up with a Drag to DAW handle."
reddit,https://www.reddit.com/r/edmproduction/comments/1aekm2p/remote_mixing_feedback_sessions/,2026-01-30,2,"Screen sharing DAW timeline on typical video apps runs at 15fps. It is impossible to see transients, plugin knobs, or playhead scrub position accurately."
reddit,https://www.reddit.com/r/edmproduction/comments/1aekm2p/remote_mixing_feedback_sessions/,2026-01-30,3,"I need real 60fps DAW screen sharing so clients can actually read FabFilter EQ curves and compressor needle gain reduction."
product-hunt,https://www.producthunt.com/products/muse-sessions/reviews,2025-09-22,3,"Setup is a bit clunky on Windows workstations with ASIO drivers. Had to fiddle with sample rates for 20 minutes before getting clean unclipped audio."
product-hunt,https://www.producthunt.com/products/muse-sessions/reviews,2025-09-22,4,"Great concept, but please add an easy way to export calendar invites with a direct room link so artists do not forget our booked mix review."
reddit,https://www.reddit.com/r/audioengineering/comments/1bw521f/client_talkback_feedback_loop/,2026-04-05,1,"Feedback loop issue when client un-mutes their mic while the master bus track is playing. My ears almost blew out. Auto-ducking is absolutely required."
reddit,https://www.reddit.com/r/audioengineering/comments/1bw521f/client_talkback_feedback_loop/,2026-04-05,2,"Music ducking needs to happen automatically whenever someone talks, otherwise you have to yell over a loud master limiter."
gearspace,https://gearspace.com/board/music-computers/1401229-midi-controller-over-network-remote-collab.html,2026-02-18,3,"Missing real-time MIDI passthrough. When collaborating with a keys player remotely, they should be able to plug in a USB MIDI controller and trigger my VST synths directly."
reddit,https://www.reddit.com/r/musicproduction/comments/1cf8310/multi_track_recording_collaborations/,2026-05-12,2,"Why can't collaboration software record isolated multi-track stems locally? If an artist sings over my beat in the session, I want their raw vocal WAV stem saved separately from my master music."
reddit,https://www.reddit.com/r/musicproduction/comments/1cf8310/multi_track_recording_collaborations/,2026-05-12,3,"Needs local multi-track take recording. Downloading a merged stereo file is useless because I can't mix the guest vocals in my DAW afterward."
reddit,https://www.reddit.com/r/audioengineering/comments/1d3m881/remote_daw_control_security/,2026-06-01,2,"Remote control in some apps asks for full system accessibility permissions which is a security risk. I don't want a client browsing my desktop files, only tweaking plugin knobs inside the DAW."
reddit,https://www.reddit.com/r/audioengineering/comments/1d3m881/remote_daw_control_security/,2026-06-01,3,"There needs to be an instant emergency revoke key like ESC so the host can take back mouse control instantly if the collaborator starts clicking the wrong things."
product-hunt,https://www.producthunt.com/products/audiomovers-listento/reviews,2025-10-11,2,"Audiomovers subscription is too expensive ($16.66/month billed annually). For independent engineers working with independent artists, subscription fatigue is real."
product-hunt,https://www.producthunt.com/products/audiomovers-listento/reviews,2025-10-11,3,"Love the audio quality, but lacks talkback and video. Paying $100+ a year just for a 1-way audio stream plugin feels overpriced in 2026."
reddit,https://www.reddit.com/r/musicproduction/comments/1e5829a/remote_session_scheduling_headaches/,2026-07-15,3,"Sending room links over WhatsApp or Instagram DMs leads to missed sessions. We need direct calendar export (.ics or Google Calendar) with the room link embedded."
gearspace,https://gearspace.com/board/music-computers/1408891-uncompressed-stereo-mix-streaming.html,2026-03-29,2,"Most streaming apps compress to 128kbps AAC or Opus voice mode which squashes stereo width and phase correlation. You need uncompressed 32-bit float or lossless PCM for mastering."
reddit,https://www.reddit.com/r/audioengineering/comments/1fp218a/producer_directory_and_session_invites/,2026-08-20,3,"I wish I could see which of my frequent producer friends are online in their studio and invite them into a room with one click rather than generating a link every time."
